{"timestamps": [1499457143.89311, 1499457143.895969, 1499457143.897822, 1499457143.898591, 1499457143.900734], "initial_reset_timestamp": 1499457143.890361, "episode_types": ["t", "t", "t", "t", "t"], "episode_lengths": [36, 31, 35, 18, 58], "episode_rewards": [0.0, 0.0, 0.0, 0.0, 1.0]}